{"cameraMode":{"drawMode":0,"name":"Shaded","section":"Shading Mode"},"sceneLighting":false,"audioPlay":false,"sceneViewState":{"m_AlwaysRefresh":false,"showFog":true,"showSkybox":true,"showFlares":true,"showImageEffects":true,"showParticleSystems":true,"showVisualEffectGraphs":true,"m_FxEnabled":false},"in2DMode":false,"pivot":{"x":23.518884658813478,"y":0.8239626884460449,"z":20.915618896484376},"rotation":{"x":-0.07040538638830185,"y":0.030817992985248567,"z":-0.002384434686973691,"w":-0.9971407651901245},"size":6.435304641723633,"orthographic":false}