{"cameraMode":{"drawMode":0,"name":"Shaded","section":"Shading Mode"},"sceneLighting":false,"audioPlay":false,"sceneViewState":{"m_AlwaysRefresh":false,"showFog":true,"showSkybox":false,"showFlares":true,"showImageEffects":true,"showParticleSystems":true,"showVisualEffectGraphs":true,"m_FxEnabled":false},"in2DMode":false,"pivot":{"x":27.87044334411621,"y":1.7848265171051026,"z":10.884466171264649},"rotation":{"x":-0.09730163216590882,"y":0.03074907511472702,"z":-0.0030583187472075226,"w":-0.9948124885559082},"size":2.1073949337005617,"orthographic":false}